timestamp,actual_number,predicted_number,profit_change,is_win
2026-06-07T01:53:19.416987,8,,0,False
2026-06-07T01:53:48.938623,5,5.0,0,True
2026-06-07T01:54:39.449934,2,2.0,0,True
2026-06-07T01:55:24.162296,1,1.0,0,True
2026-06-07T01:56:09.755764,1,1.0,0,True
2026-06-07T01:57:02.132807,1,1.0,0,True
2026-06-07T01:57:47.075169,1,1.0,1,True
2026-06-07T01:58:35.813186,8,,-1,False
2026-06-07T01:59:23.430523,2,,-1,False
2026-06-07T02:00:11.785936,1,1.0,0,True
2026-06-07T02:00:57.218242,2,,-1,False
2026-06-07T02:01:50.003355,5,,-1,False
2026-06-07T02:02:35.918763,1,1.0,0,True
2026-06-07T02:03:28.605271,5,,0,False
2026-06-07T02:04:14.183682,5,5.0,0,True
2026-06-07T02:05:01.920716,2,2.0,0,True
2026-06-07T02:05:48.480766,1,1.0,0,True
2026-06-07T02:06:36.243850,20,,0,False
2026-06-07T02:07:21.697278,40,,0,False
2026-06-07T02:08:10.829936,1,1.0,0,True
2026-06-07T02:08:57.581960,2,2.0,0,True
2026-06-07T02:09:47.260579,1,1.0,0,True
2026-06-07T02:10:33.955966,1,,-1,False
2026-06-07T02:11:28.142354,5,5.0,0,True
2026-06-07T02:12:19.645108,1,1.0,0,True
2026-06-07T02:13:05.260574,20,,0,False
2026-06-07T02:13:48.788583,1,1.0,0,True
2026-06-07T02:14:39.189156,1,1.0,0,True
2026-06-07T02:15:24.767439,5,5.0,0,True
2026-06-07T02:17:01.460808,1,1.0,0,True
2026-06-07T02:17:51.214705,8,,-1,False
2026-06-07T02:18:38.918724,10,,-1,False
2026-06-07T02:19:31.771488,8,,0,False
2026-06-07T02:20:15.079924,8,,-1,False
2026-06-07T02:21:08.349008,5,,-1,False
2026-06-07T02:21:55.469299,1,1.0,0,True
2026-06-07T02:22:42.315300,1,,-1,False
2026-06-07T02:23:38.839436,10,,-1,False
2026-06-07T02:24:22.910935,10,,-1,False
2026-06-07T02:24:25.858991,8,8.0,8,True
2026-06-07T02:25:14.468204,5,5.0,5,True
2026-06-07T02:26:02.719369,8,,0,False
2026-06-07T02:26:45.788025,8,,-1,False
2026-06-07T02:27:37.874772,2,,-1,False
2026-06-07T02:28:24.541459,1,1.0,1,True
2026-06-07T02:29:14.550413,30,,-1,False
2026-06-07T02:30:01.177918,1,1.0,0,True
2026-06-07T02:30:49.842373,2,,-1,False
2026-06-07T02:31:41.867844,1,1.0,1,True
2026-06-07T02:32:29.696879,5,,-1,False
2026-06-07T02:33:16.115972,2,2.0,0,True
2026-06-07T02:34:08.017706,2,,-2,False
2026-06-07T02:34:55.259357,2,,-1,False
2026-06-07T02:35:43.108564,2,,-1,False
2026-06-07T02:36:34.913080,8,,0,False
2026-06-07T02:37:24.329324,10,,-1,False
2026-06-07T02:38:13.285407,10,,-1,False
2026-06-07T02:38:15.726208,8,8.0,8,True
2026-06-07T02:38:59.896295,1,,-1,False
2026-06-07T02:39:46.412889,2,,-1,False
2026-06-07T02:40:36.770823,1,1.0,0,True
2026-06-07T02:41:24.612090,1,,-1,False
2026-06-07T02:41:30.351275,1,,-1,False
2026-06-07T02:42:19.096908,40,40.0,40,True
2026-06-07T02:43:01.549262,5,,-1,False
2026-06-07T02:43:46.627383,2,,-1,False
2026-06-07T02:44:37.931898,1,,-1,False
2026-06-07T02:45:27.354850,2,,-1,False
2026-06-07T02:46:14.407787,1,1.0,1,True
2026-06-07T02:47:05.104433,40,,-1,False
2026-06-07T02:47:56.439408,10,,-1,False
2026-06-07T02:48:37.768772,8,8.0,37,True
2026-06-07T02:49:25.773267,5,5.0,8,True
2026-06-07T02:50:11.050724,1,1.0,0,True
2026-06-07T02:51:05.230585,2,,-1,False
2026-06-07T02:51:47.384930,2,,-1,False
2026-06-07T02:52:30.337212,1,1.0,1,True
2026-06-07T02:53:18.027237,1,,-1,False
2026-06-07T02:54:06.869546,20,,-1,False
2026-06-07T02:54:53.934703,1,,-1,False
2026-06-07T02:55:42.456259,8,,-2,False
2026-06-07T02:56:30.654541,10,10.0,7,True
2026-06-07T02:57:14.943186,1,,-12,False
2026-06-07T02:58:02.201555,2,,-1,False
2026-06-07T02:58:52.811712,5,,-1,False
2026-06-07T02:59:42.205453,1,1.0,0,True
2026-06-07T03:00:25.039157,8,,-1,False
2026-06-07T03:01:16.295852,8,,-4,False
2026-06-07T03:02:05.855050,8,8.0,4,True
2026-06-07T03:02:52.229953,8,8.0,14,True
2026-06-07T03:03:32.832326,5,5.0,0,True
2026-06-07T03:04:20.888796,1,1.0,0,True
2026-06-07T03:05:06.363276,1,,-2,False
2026-06-07T03:05:58.927149,1,,-1,False
2026-06-07T03:06:44.840086,2,,-1,False
2026-06-07T03:07:33.186637,2,2.0,0,True
2026-06-07T03:08:17.802144,1,1.0,0,True
2026-06-07T03:09:05.266093,1,,-1,False
2026-06-07T03:09:55.119879,1,,-1,False
2026-06-07T03:10:40.970680,2,,-1,False
2026-06-07T03:11:27.592457,1,1.0,0,True
2026-06-07T03:12:11.430379,10,,-1,False
2026-06-07T03:12:56.058813,1,,-9,False
2026-06-07T03:13:39.953478,1,,-1,False
2026-06-07T03:14:23.716690,5,,-1,False
2026-06-07T03:15:13.075011,20,,-1,False
2026-06-07T03:15:56.584727,1,,-2,False
2026-06-07T03:16:46.186384,15,,-1,False
2026-06-07T03:17:36.102359,10,,0,False
2026-06-07T03:18:24.723860,5,,-1,False
2026-06-07T03:19:15.394298,1,1.0,0,True
2026-06-07T03:20:05.337874,8,8.0,8,True
2026-06-07T03:20:54.165075,1,,-5,False
2026-06-07T03:21:36.472201,2,,-1,False
2026-06-07T03:22:28.355639,1,1.0,0,True
2026-06-07T03:23:14.775188,5,,-1,False
2026-06-07T03:24:02.622867,2,,-1,False
